first_name,last_name,email
Monserrate,Rosenbaum,Monserrate.Rosenbaum67@gmail.com
Baby,Dach,Baby.Dach@gmail.com
Kenny,Koelpin,Kenny.Koelpin27@gmail.com
Sigurd,Kemmer,Sigurd_Kemmer@gmail.com
Ashton,Bins,Ashton.Bins@gmail.com
Neva,Hegmann,Neva.Hegmann65@gmail.com
Hailey,Gulgowski,Hailey_Gulgowski@gmail.com
Allen,Hane,Allen.Hane@gmail.com
Fleta,Anderson,Fleta.Anderson@gmail.com
Broderick,Fadel,Broderick.Fadel@gmail.com
